{
    "description": "Config for kernel_lite posix sched api test cases",
    "environment": [
        {
            "type": "device",
            "label": "ipcamera"
        }
    ],
    "kits": [
        {
            "type": "MountKit",
            "server": "NfsServer",
            "mount": [
                {
                    "source": "testcases/kernel",
                    "target": "/test_root/kernel"
                }
            ]
        }
    ],
    "driver": {
        "type": "CppTestLite",
        "execute": "/test_root/kernel/ActsSchedApiTest.bin"
    }
}